Salary ,Company,Location,Position,Experience,Duration,Apply
Upto 4.08 LPA, Nichetech ,Ahmedabad,.Net MVC Developer,0 to 2 years,"Dec 26, 2019",https://practice.geeksforgeeks.org/jobs//jobs/Niche-net-mvc
Best in Industry, My B solutions ,Rajkot,Android Developer,0 to 1.5 years,"Dec 26, 2019",https://practice.geeksforgeeks.org/jobs//jobs/myb-android-dev
Best in Industry, My B solutions ,Rajkot,Ios Developer,0 to 1.5 years,"Dec 26, 2019",https://practice.geeksforgeeks.org/jobs//jobs/myb-ios-dev
Best in Industry, My B solutions ,Rajkot,Web Developer,0 to 1.5 years,"Dec 26, 2019",https://practice.geeksforgeeks.org/jobs//jobs/myb-web-dev
Best in industry, Crimson Energy Experts Pvt. Ltd. ,"Dwarka, New Delhi",React.js Developer,0 to 3 years,"Dec 31, 2019",https://practice.geeksforgeeks.org/jobs//jobs/crimson-reactjs-dev
"2.58 LPA (Gross), 4.38 LPA (On client-side deployment)", InnovationM ,Noida,Software Engineer,0 to 1 years,"Jan 05, 2020",https://practice.geeksforgeeks.org/jobs//jobs/InnovationM-software-eng
3 to 5 LPA, Starclinch ,New Delhi,UI Developer,0 to 3 years,"Jan 05, 2020",https://practice.geeksforgeeks.org/jobs//jobs/starclinch-UI-Developer
3 to 5 LPA, Starclinch ,New Delhi,Python/Django Developer,0 to 3 years,"Jan 05, 2020",https://practice.geeksforgeeks.org/jobs//jobs/Starclinch-python-dev
3 to 5 LPA, Starclinch ,New Delhi,PHP Laravel Developer,0 to 3 years,"Jan 05, 2020",https://practice.geeksforgeeks.org/jobs//jobs/Starclinch-php-dev
Best In Industry, GeeksforGeeks ,Noida,Content Engineer - DSA,0 to 2 Years,"Feb 29, 2020",https://practice.geeksforgeeks.org/jobs//jobs/geeksforgeeks-tce-dsa
